ID	Vehicle Name	Vehicle No	Field1	Insurance renewal date	Service date	Last Service Kilometer	Next Service Kilometer	Istemara expiry
10	Chanhan CS95	8625 BKD	2020	27-Feb-27		0	0	19/09/2028
1	Audi A8L	5017 HZJ	2014	18-Nov-26				17/10/2028
2	Porsche Cayenne S	5570 ULD						
3	Kia Cadenza	6896 AEB	2012	18-Nov-26	30-Apr-26	330581		25/10/2028
4	Toyota Camry	1085 DKL	2015	25-Mar-27	12-May-25	334378	352907	18/09/2028
5	Changan CS35	8985 LHR	2025					24/01/2028
6	Changan Alsvin	ANR3063	2025	15-Dec-26	31-Aug-25	29348	54348	16/11/27
7	Toyota Innova	5259 ETJ	2015	31-Jan-27	24-Jul-25	430300	440000	
8	Changan Pick up-01 Eqtaad	8692 UXB	2023	13-Mar-27	18-Jun-25	111000	116000	
9	Changan Pick up-02	2702 BTH	2025	28-Apr-27	18-May-26	88000	89000	
11	JMC TOURING	9721 ETA	2026			0	0	
12	JMC GRAND	9727 GGB	2025		13-May-26	31984	0	
13	JMC GRAND	9728 GGB	2025		13-May-26	33090	0	
14	JMC GRAND	9729 GGB	2025			0	0	
